{
  "method": "ICCSD-PT",
  "conv": 1E-7,
  "occ_act": 3,
  "virt_act": 3,
  "nfo": 0,
  "nfv": 0,
  "basis_set": "6-21g",
  "niter": 50,
  "frag_atom": 3,
  "elements":["1","8"],
  "atom_pattern":["8", "1", "1"],
  "filename": "water-4_RHF_621g",
  "fragment_index": [[1,6],[7,12]],
  "icharge": [0,0],
  "integral_transform": "incore",
  "molecule": {
     "frag1" :[["O", "8", "2.12517", "1.37269", "-1.31908"], ["H", "1", "1.28967", "1.12899", "-0.85578"], ["H", "1", "2.20577", "2.32699", "-1.20248"],
              ["O", "8", "3.73597", "-0.50961", "-0.08668"], ["H", "1", "4.63357", "-0.19661", "0.07632"], ["H", "1", "3.29897", "0.20789", "-0.59808"],
              ["O", "8", "1.72937", "-1.01641", "1.72862"], ["H", "1", "2.54597", "-0.89221", "1.19432"], ["H", "1", "1.57227", "-1.96911", "1.71422"]],
     "frag2" :[["O", "8", "-3.83203", "-0.42591", "-0.31968"], ["H", "1", "-4.39213", "-0.90631", "0.30232"], ["H", "1", "-3.42443", "0.29359", "0.21542"],
              ["O", "8", "-2.37313", "1.37449", "1.15252"], ["H", "1", "-1.46473", "1.11769", "0.86822"], ["H", "1", "-2.40923", "2.33289", "1.04832"]],
     "frag3" :[["O", "8", "-0.01283", "0.39619", "0.12562"], ["H", "1", "-0.44513", "-0.31051", "-0.40958"], ["H", "1", "0.55437", "-0.09081", "0.76902"],
              ["O", "8", "-1.47153", "-1.49031", "-1.23258"], ["H", "1", "-1.48283", "-1.52291", "-2.19708"], ["H", "1", "-2.38313", "-1.22071", "-0.97398"]]
     }
}